Country,G,S,B,HM,Continenet
China,6,0,0,0,Asia
USA,4,1,1,0,North America
Russian Federation,4,2,0,0,Europe
Singapore,3,2,1,0,Asia
Vietnam,2,3,1,0,Asia
Republic of Korea,3,2,0,1,Asia
India,2,4,0,0,Asia
Democratic People's Republic of Korea,2,2,2,0,Asia
United Kingdom,2,1,3,0,Europe
Japan,2,1,3,0,Asia
Brazil,0,5,1,0,South America
Romania,1,3,2,0,Europe
Canada,1,3,2,0,North America
Islamic Republic of Iran,2,1,3,0,Asia
France,0,5,1,0,Europe
Hungary,1,1,4,0,Europe
Türkiye,1,3,2,0,Europe
Israel,1,1,4,0,Asia
Bulgaria,1,2,3,0,Europe
Germany,1,2,3,0,Europe
Malaysia,1,3,1,1,Asia
Kazakhstan,0,3,3,0,Asia
Slovakia,2,0,4,0,Europe
Taiwan,1,3,2,0,Asia
Hong Kong,0,4,2,0,Asia
Poland,2,1,3,0,Europe
Peru,0,3,2,1,South America
Australia,1,2,2,1,Oceania
Ukraine,1,2,2,1,Europe
Thailand,1,1,4,0,Asia
Serbia,1,2,3,0,Europe
Bosnia and Herzegovina,1,2,1,0,Europe
Mongolia,0,2,4,0,Asia
Czech Republic,0,4,1,1,Europe
Kyrgyzstan,0,3,2,1,Asia
Saudi Arabia,0,3,3,0,Asia
Italy,1,1,3,0,Europe
Switzerland,2,0,2,2,Europe
Bangladesh,0,1,5,0,Asia
Mexico,0,0,5,1,North America
Estonia,0,1,5,0,Europe
Uzbekistan,0,2,3,0,Asia
Armenia,0,1,4,1,Asia
Georgia,1,1,1,2,Asia
North Macedonia,1,0,3,1,Europe
Turkmenistan,0,1,3,2,Asia
Belarus,0,0,6,0,Europe
Spain,0,2,2,2,Europe
Croatia,0,0,3,2,Europe
Austria,0,2,1,2,Europe
Norway,0,0,4,2,Europe
Republic of Moldova,0,1,2,2,Europe
Sweden,0,0,4,1,Europe
Greece,0,1,2,2,Europe
Philippines,0,1,2,1,Asia
Slovenia,0,1,2,2,Europe
Argentina,0,0,4,1,South America
Ireland,0,1,2,3,Europe
New Zealand,0,1,1,2,Oceania
South Africa,0,1,1,3,Africa
Tajikistan,0,1,2,2,Asia
Azerbaijan,0,0,1,4,Asia
Indonesia,0,0,4,1,Asia
Netherlands,0,0,2,4,Europe
Cuba,0,0,3,0,North America
Belgium,0,0,2,4,Europe
Colombia,0,0,2,3,South America
Lithuania,0,1,1,3,Europe
Latvia,0,0,4,1,Europe
Portugal,0,0,4,2,Europe
Finland,0,0,2,3,Europe
Macau,0,0,2,4,Asia
Denmark,0,0,1,5,Europe
Luxembourg,0,0,2,4,Europe
Iceland,0,0,1,4,Europe
Syria,0,0,1,3,Asia
Sri Lanka,0,1,0,3,Asia
Tunisia,0,0,2,1,Africa
Pakistan,0,0,2,2,Asia
Albania,0,0,2,1,Europe
Uruguay,0,0,0,4,South America
Morocco,0,0,0,4,Africa
Algeria,0,0,0,3,Africa
Nepal,0,0,0,3,Asia
Rwanda,0,0,0,2,Africa
Ecuador,0,0,0,2,South America
Kosovo,0,0,0,3,Europe
Costa Rica,0,0,0,2,North America
Cyprus,0,0,1,1,Europe
Kenya,0,0,0,3,Africa
Myanmar,0,0,0,2,Asia
Ivory Coast,0,0,1,0,Africa
United Arab Emirates,0,0,0,2,Asia
Iraq,0,0,0,1,Asia
Dominican Republic,0,0,0,2,North America
Chile,0,0,0,0,South America
Bolivia,0,0,1,0,South America
Uganda,0,0,0,1,Africa
Venezuela,0,0,0,1,South America
Libya,0,1,0,0,Africa
Honduras,0,0,0,1,North America
Paraguay,0,0,0,1,South America
Ghana,0,0,0,2,Africa
Tanzania,0,0,0,0,Africa
El Salvador,0,0,0,1,North America
Cameroon,0,0,1,0,Africa
Qatar,0,0,0,1,Asia
Montenegro,0,0,0,0,Europe
Senegal,0,0,0,0,Africa
Oman,0,0,0,0,Asia
Botswana,0,0,0,1,Africa
Panama,0,0,0,0,North America
Palestine,0,0,0,0,Asia
Puerto Rico,0,0,0,1,North America
Bhutan,0,0,0,0,Asia
Namibia,0,0,0,0,Africa
Cambodia,0,0,0,0,Asia